Mobile,Price,Rating,Star,Link
"vivo V30 Pro 5G (Classic Black, 256 GB)","₹41,999",No Rating found,no stars found,/vivo-v30-pro-5g-classic-black-256-gb/p/itmd7b7a1700c431
"vivo V30 5G (Peacock Green, 256 GB)","₹37,999",No Rating found,no stars found,/vivo-v30-5g-peacock-green-256-gb/p/itme3a94b78a025f
"Motorola G34 5G (Ocean Green, 128 GB)","₹11,999","15,660 Ratings & 1,892 Reviews",4.2,/motorola-g34-5g-ocean-green-128-gb/p/itm6b1a33b9d9191
"POCO C55 (Cool Blue, 128 GB)","₹6,499","1,23,407 Ratings & 7,565 Reviews",4.2,/poco-c55-cool-blue-128-gb/p/itm26aca9fd143ba
"POCO C55 (Power Black, 128 GB)","₹6,499","1,23,407 Ratings & 7,565 Reviews",4.2,/poco-c55-power-black-128-gb/p/itm52dfc91751293
"Motorola G34 5G (Charcoal Black, 128 GB)","₹11,999","15,660 Ratings & 1,892 Reviews",4.2,/motorola-g34-5g-charcoal-black-128-gb/p/itmcf3922f5c94b2
"POCO C55 (Forest Green, 128 GB)","₹6,499","1,23,407 Ratings & 7,565 Reviews",4.2,/poco-c55-forest-green-128-gb/p/itm7ed4c1ff2689f
"Xiaomi 14 (Jade Green, 512 GB)","₹69,999",No Rating found,no stars found,/xiaomi-14-jade-green-512-gb/p/itm617acb7cd715d
"Motorola G34 5G (Ice Blue, 128 GB)","₹11,999","15,660 Ratings & 1,892 Reviews",4.2,/motorola-g34-5g-ice-blue-128-gb/p/itmc36bacc1f7bb0
"POCO C51 (Royal Blue, 128 GB)","₹5,999","7,606 Ratings & 420 Reviews",4.1,/poco-c51-royal-blue-128-gb/p/itm9ade6427024be
"Xiaomi 14 (Black, 512 GB)","₹69,999",No Rating found,no stars found,/xiaomi-14-black-512-gb/p/itm9199c6406170d
"Xiaomi 14 (White, 512 GB)","₹69,999",No Rating found,no stars found,/xiaomi-14-white-512-gb/p/itma16b2232a226f
"POCO C51 (Royal Blue, 64 GB)","₹5,499","1,93,126 Ratings & 10,857 Reviews",4,/poco-c51-royal-blue-64-gb/p/itm1e4e8373537a7
"POCO C51 (Power Black, 64 GB)","₹5,499","1,93,126 Ratings & 10,857 Reviews",4,/poco-c51-power-black-64-gb/p/itm62bcd2634619e
"Infinix SMART 8 (Galaxy White, 128 GB)","₹8,499","1,688 Ratings & 128 Reviews",4.4,/infinix-smart-8-galaxy-white-128-gb/p/itmb5696a34ad441
"Infinix SMART 8 (Shiny Gold, 128 GB)","₹8,499","1,688 Ratings & 128 Reviews",4.4,/infinix-smart-8-shiny-gold-128-gb/p/itmb5696a34ad441
"Nothing Phone (2a) 5G (Black, 256 GB)","₹27,999",No Rating found,no stars found,/nothing-phone-2a-5g-black-256-gb/p/itm85c6bca5edadc
"Google Pixel 7a (Coral, 128 GB)","₹37,999","16,367 Ratings & 1,810 Reviews",4.1,/google-pixel-7a-coral-128-gb/p/itmb4d7b100b1a4d
"Infinix SMART 8 (Timber Black, 128 GB)","₹8,499","1,688 Ratings & 128 Reviews",4.4,/infinix-smart-8-timber-black-128-gb/p/itmb5696a34ad441
"SAMSUNG Galaxy F15 5G (Jazzy Green, 128 GB)","₹14,499",654 Ratings & 95 Reviews,4.4,/samsung-galaxy-f15-5g-jazzy-green-128-gb/p/itm3202236886884
"Google Pixel 7 (Snow, 128 GB)","₹43,999","13,414 Ratings & 1,642 Reviews",4.3,/google-pixel-7-snow-128-gb/p/itm45d75002be0e7
"Infinix SMART 8 (Galaxy White, 64 GB)","₹6,999","8,338 Ratings & 701 Reviews",4.3,/infinix-smart-8-galaxy-white-64-gb/p/itmb5696a34ad441
"Infinix SMART 8 (Rainbow Blue, 64 GB)","₹6,999","8,338 Ratings & 701 Reviews",4.3,/infinix-smart-8-rainbow-blue-64-gb/p/itmb5696a34ad441
"Infinix SMART 8 (Shiny Gold, 64 GB)","₹6,999","8,338 Ratings & 701 Reviews",4.3,/infinix-smart-8-shiny-gold-64-gb/p/itmb5696a34ad441
"realme C51 (Carbon Black, 128 GB)","₹8,999","72,828 Ratings & 3,223 Reviews",4.3,/realme-c51-carbon-black-128-gb/p/itm0e93bcb87927f
"POCO C55 (Power Black, 64 GB)","₹5,999","1,11,200 Ratings & 6,925 Reviews",4.2,/poco-c55-power-black-64-gb/p/itme567bcd596fe9
"vivo V30 5G (Andaman Blue, 256 GB)","₹37,999",No Rating found,no stars found,/vivo-v30-5g-andaman-blue-256-gb/p/itme3a94b78a025f
"vivo V30 Pro 5G (Andaman Blue, 256 GB)","₹41,999",No Rating found,no stars found,/vivo-v30-pro-5g-andaman-blue-256-gb/p/itmd7b7a1700c431
"Motorola g54 5G (Mint Green, 128 GB)","₹13,999","72,996 Ratings & 7,252 Reviews",4.2,/motorola-g54-5g-mint-green-128-gb/p/itmfc12683043bbc
"SAMSUNG Galaxy F15 5G (Groovy Violet, 128 GB)","₹12,999",266 Ratings & 40 Reviews,4.4,/samsung-galaxy-f15-5g-groovy-violet-128-gb/p/itmd0aaf528709de
"Xiaomi 14 (Jade Green, 512 GB)","₹69,999",No Rating found,no stars found,/xiaomi-14-jade-green-512-gb/p/itm617acb7cd715d
"Xiaomi 14 (Black, 512 GB)","₹69,999",No Rating found,no stars found,/xiaomi-14-black-512-gb/p/itm9199c6406170d
"REDMI A2 (Aqua Blue, 64 GB)","₹6,995","20,621 Ratings & 1,195 Reviews",4.2,/redmi-a2-aqua-blue-64-gb/p/itm63a05c64d910d
"POCO M6 5G (Orion Blue, 128 GB)","₹10,499","8,586 Ratings & 553 Reviews",4.3,/poco-m6-5g-orion-blue-128-gb/p/itmfe2d9e94498f8
"REDMI A2 (Sea Green, 64 GB)","₹5,299","8,250 Ratings & 471 Reviews",4.2,/redmi-a2-sea-green-64-gb/p/itm5ac4b1d081b30
"Motorola g54 5G (Midnight Blue, 256 GB)","₹15,999","64,921 Ratings & 6,156 Reviews",4.2,/motorola-g54-5g-midnight-blue-256-gb/p/itmc5db12ebf3198
"Xiaomi 14 (White, 512 GB)","₹69,999",No Rating found,no stars found,/xiaomi-14-white-512-gb/p/itma16b2232a226f
"Nothing Phone (2a) 5G (Black, 256 GB)","₹27,999",No Rating found,no stars found,/nothing-phone-2a-5g-black-256-gb/p/itm85c6bca5edadc
"SAMSUNG Galaxy F15 5G (Ash Black, 128 GB)","₹12,999",266 Ratings & 40 Reviews,4.4,/samsung-galaxy-f15-5g-ash-black-128-gb/p/itm81af925bc1e26
"POCO M6 5G (Galactic Black, 128 GB)","₹10,499","8,586 Ratings & 553 Reviews",4.3,/poco-m6-5g-galactic-black-128-gb/p/itmb18dc9ee625cf
"Google Pixel 7a (Coral, 128 GB)","₹37,999","16,367 Ratings & 1,810 Reviews",4.1,/google-pixel-7a-coral-128-gb/p/itmb4d7b100b1a4d
"Google Pixel 7 (Lemongrass, 128 GB)","₹43,999","13,414 Ratings & 1,642 Reviews",4.3,/google-pixel-7-lemongrass-128-gb/p/itm45d75002be0e7
"POCO C55 (Forest Green, 64 GB)","₹5,999","1,11,200 Ratings & 6,925 Reviews",4.2,/poco-c55-forest-green-64-gb/p/itm8b99ef9bd674c
"POCO C51 (Power Black, 128 GB)","₹5,999","7,606 Ratings & 420 Reviews",4.1,/poco-c51-power-black-128-gb/p/itma7b694266a136
"Motorola e13 (Cosmic Black, 128 GB)","₹7,499","29,934 Ratings & 1,843 Reviews",4.1,/motorola-e13-cosmic-black-128-gb/p/itm04a41c3c76631
"MOTOROLA g24 Power (Ink blue, 128 GB)","₹7,999","1,363 Ratings & 168 Reviews",4.2,/motorola-g24-power-ink-blue-128-gb/p/itmecab4a01b8aaf
"REDMI A2 (Classic Black, 64 GB)","₹5,299","8,250 Ratings & 471 Reviews",4.2,/redmi-a2-classic-black-64-gb/p/itm93a82cd23ef97
"realme C53 (Champion Black, 64 GB)","₹8,999","1,07,857 Ratings & 4,978 Reviews",4.4,/realme-c53-champion-black-64-gb/p/itm5df90168ecd05
"vivo T2x 5G (Aurora Gold, 128 GB)","₹12,999","3,65,999 Ratings & 20,657 Reviews",4.4,/vivo-t2x-5g-aurora-gold-128-gb/p/itmcb8f0f6a85d5d
"vivo T2x 5G (Sunstone Orange, 128 GB)","₹12,999","3,65,999 Ratings & 20,657 Reviews",4.4,/vivo-t2x-5g-sunstone-orange-128-gb/p/itmcb8f0f6a85d5d
"vivo V30 5G (Andaman Blue, 256 GB)","₹37,999",No Rating found,no stars found,/vivo-v30-5g-andaman-blue-256-gb/p/itme3a94b78a025f
"vivo V30 Pro 5G (Andaman Blue, 256 GB)","₹41,999",No Rating found,no stars found,/vivo-v30-pro-5g-andaman-blue-256-gb/p/itmd7b7a1700c431
"vivo T2x 5G (Black Gladiator, 128 GB)","₹12,999","3,65,999 Ratings & 20,657 Reviews",4.4,/vivo-t2x-5g-black-gladiator-128-gb/p/itmcb8f0f6a85d5d
"MOTOROLA G04 (Concord Black, 128 GB)","₹7,999",654 Ratings & 107 Reviews,4.1,/motorola-g04-concord-black-128-gb/p/itm79853c1ebe7ee
"REDMI 13C (Stardust Black, 128 GB)","₹8,799","1,337 Ratings & 82 Reviews",4.2,/redmi-13c-stardust-black-128-gb/p/itm9580b52bc1339
"vivo T2x 5G (Marine Blue, 128 GB)","₹14,999","64,997 Ratings & 3,925 Reviews",4.3,/vivo-t2x-5g-marine-blue-128-gb/p/itmcb8f0f6a85d5d
"Xiaomi 14 (Jade Green, 512 GB)","₹69,999",No Rating found,no stars found,/xiaomi-14-jade-green-512-gb/p/itm617acb7cd715d
"Xiaomi 14 (Black, 512 GB)","₹69,999",No Rating found,no stars found,/xiaomi-14-black-512-gb/p/itm9199c6406170d
"vivo T2x 5G (Glimmer Black, 128 GB)","₹11,999","1,61,891 Ratings & 8,671 Reviews",4.4,/vivo-t2x-5g-glimmer-black-128-gb/p/itmcb8f0f6a85d5d
"Motorola g54 5G (Mint Green, 256 GB)","₹15,999","64,921 Ratings & 6,156 Reviews",4.2,/motorola-g54-5g-mint-green-256-gb/p/itm9f608c1154160
"Xiaomi 14 (White, 512 GB)","₹69,999",No Rating found,no stars found,/xiaomi-14-white-512-gb/p/itma16b2232a226f
"Nothing Phone (2a) 5G (Black, 256 GB)","₹27,999",No Rating found,no stars found,/nothing-phone-2a-5g-black-256-gb/p/itm85c6bca5edadc
"vivo T2x 5G (Aurora Gold, 128 GB)","₹14,999","64,997 Ratings & 3,925 Reviews",4.3,/vivo-t2x-5g-aurora-gold-128-gb/p/itmcb8f0f6a85d5d
"vivo T2x 5G (Aurora Gold, 128 GB)","₹11,999","1,61,891 Ratings & 8,671 Reviews",4.4,/vivo-t2x-5g-aurora-gold-128-gb/p/itmcb8f0f6a85d5d
"vivo T2x 5G (Marine Blue, 128 GB)","₹11,999","1,61,891 Ratings & 8,671 Reviews",4.4,/vivo-t2x-5g-marine-blue-128-gb/p/itmcb8f0f6a85d5d
"Motorola g54 5G (Pearl Blue, 128 GB)","₹13,999","72,996 Ratings & 7,252 Reviews",4.2,/motorola-g54-5g-pearl-blue-128-gb/p/itm8d5c2baa065c6
"Google Pixel 7a (Coral, 128 GB)","₹37,999","16,367 Ratings & 1,810 Reviews",4.1,/google-pixel-7a-coral-128-gb/p/itmb4d7b100b1a4d
"Google Pixel 7 (Lemongrass, 128 GB)","₹43,999","13,414 Ratings & 1,642 Reviews",4.3,/google-pixel-7-lemongrass-128-gb/p/itm45d75002be0e7
"Motorola g84 5G (Viva Magenta, 256 GB)","₹17,999","33,822 Ratings & 3,525 Reviews",4.2,/motorola-g84-5g-viva-magenta-256-gb/p/itmed938e33ffdf5
"REDMI 13C (Starshine Green, 128 GB)","₹7,799","2,544 Ratings & 166 Reviews",4.3,/redmi-13c-starshine-green-128-gb/p/itmc4f0763fb3a50
"POCO M6 5G (Orion Blue, 128 GB)","₹9,499","10,989 Ratings & 777 Reviews",4.3,/poco-m6-5g-orion-blue-128-gb/p/itm1227ec8698a77
"Motorola Edge 40 Neo (Caneel Bay, 128 GB)","₹22,999","33,098 Ratings & 4,190 Reviews",4.3,/motorola-edge-40-neo-caneel-bay-128-gb/p/itm122f351a3a2a3
"MOTOROLA g24 Power (Glacier Blue, 128 GB)","₹8,999","1,371 Ratings & 136 Reviews",4.2,/motorola-g24-power-glacier-blue-128-gb/p/itm981de8de27246
"OnePlus Nord CE 3 Lite 5G (Pastel Lime, 256 GB)","₹19,690","61,284 Ratings & 4,309 Reviews",4.4,/oneplus-nord-ce-3-lite-5g-pastel-lime-256-gb/p/itm2cd5a4e659035
"OnePlus Nord CE 3 Lite 5G (Chromatic Gray, 128 GB)","₹18,210","61,284 Ratings & 4,309 Reviews",4.4,/oneplus-nord-ce-3-lite-5g-chromatic-gray-128-gb/p/itm2cd5a4e659035
"OnePlus Nord CE 3 Lite 5G (Pastel Lime, 128 GB)","₹18,048","61,284 Ratings & 4,309 Reviews",4.4,/oneplus-nord-ce-3-lite-5g-pastel-lime-128-gb/p/itm2cd5a4e659035
"vivo V30 5G (Andaman Blue, 256 GB)","₹37,999",No Rating found,no stars found,/vivo-v30-5g-andaman-blue-256-gb/p/itme3a94b78a025f
"vivo V30 Pro 5G (Andaman Blue, 256 GB)","₹41,999",No Rating found,no stars found,/vivo-v30-pro-5g-andaman-blue-256-gb/p/itmd7b7a1700c431
"OnePlus Nord CE 3 Lite 5G (Chromatic Gray, 128 GB)","₹18,108","61,284 Ratings & 4,309 Reviews",4.4,/oneplus-nord-ce-3-lite-5g-chromatic-gray-128-gb/p/itm2cd5a4e659035
"Motorola Edge 40 Neo (Caneel Bay, 256 GB)","₹24,999","38,266 Ratings & 5,088 Reviews",4.3,/motorola-edge-40-neo-caneel-bay-256-gb/p/itm55813a9671489
"Xiaomi 14 (Jade Green, 512 GB)","₹69,999",No Rating found,no stars found,/xiaomi-14-jade-green-512-gb/p/itm617acb7cd715d
"Xiaomi 14 (Black, 512 GB)","₹69,999",No Rating found,no stars found,/xiaomi-14-black-512-gb/p/itm9199c6406170d
"POCO M6 Pro 5G (Forest Green, 128 GB)","₹11,499","73,526 Ratings & 5,000 Reviews",4.3,/poco-m6-pro-5g-forest-green-128-gb/p/itm151f47ed48eee
"Infinix SMART 8 HD (Shiny Gold, 64 GB)","₹6,399","21,095 Ratings & 1,757 Reviews",4.3,/infinix-smart-8-hd-shiny-gold-64-gb/p/itm709d885ba6ac1
"Infinix SMART 8 HD (Timber Black, 64 GB)","₹6,399","21,095 Ratings & 1,757 Reviews",4.3,/infinix-smart-8-hd-timber-black-64-gb/p/itm709d885ba6ac1
"Infinix SMART 8 HD (Crystal Green, 64 GB)","₹6,399","21,095 Ratings & 1,757 Reviews",4.3,/infinix-smart-8-hd-crystal-green-64-gb/p/itm709d885ba6ac1
"Xiaomi 14 (White, 512 GB)","₹69,999",No Rating found,no stars found,/xiaomi-14-white-512-gb/p/itma16b2232a226f
"Nothing Phone (2a) 5G (Black, 256 GB)","₹27,999",No Rating found,no stars found,/nothing-phone-2a-5g-black-256-gb/p/itm85c6bca5edadc
"Infinix SMART 8 HD (Galaxy White, 64 GB)","₹6,399","21,095 Ratings & 1,757 Reviews",4.3,/infinix-smart-8-hd-galaxy-white-64-gb/p/itm709d885ba6ac1
"MOTOROLA g24 Power (Ink blue, 128 GB)","₹8,999","1,371 Ratings & 136 Reviews",4.2,/motorola-g24-power-ink-blue-128-gb/p/itm38450b60d2af2
"Google Pixel 7a (Coral, 128 GB)","₹37,999","16,367 Ratings & 1,810 Reviews",4.1,/google-pixel-7a-coral-128-gb/p/itmb4d7b100b1a4d
"Google Pixel 7 (Lemongrass, 128 GB)","₹43,999","13,414 Ratings & 1,642 Reviews",4.3,/google-pixel-7-lemongrass-128-gb/p/itm45d75002be0e7
"POCO C65 (Pastel Blue, 128 GB)","₹7,499","8,598 Ratings & 665 Reviews",4.2,/poco-c65-pastel-blue-128-gb/p/itm1586ff4fb1c2b
"POCO M6 5G (Polaris Green, 128 GB)","₹10,499","8,586 Ratings & 553 Reviews",4.3,/poco-m6-5g-polaris-green-128-gb/p/itme030edda18194
"POCO M6 Pro 5G (Power Black, 128 GB)","₹11,499","73,526 Ratings & 5,000 Reviews",4.3,/poco-m6-pro-5g-power-black-128-gb/p/itmef8fa46f89738
"MOTOROLA g24 Power (Glacier Blue, 128 GB)","₹7,999","1,363 Ratings & 168 Reviews",4.2,/motorola-g24-power-glacier-blue-128-gb/p/itm766650509967e
"vivo V30 Pro 5G (Classic Black, 256 GB)","₹41,999",No Rating found,no stars found,/vivo-v30-pro-5g-classic-black-256-gb/p/itmd7b7a1700c431
"vivo V30 5G (Peacock Green, 256 GB)","₹37,999",No Rating found,no stars found,/vivo-v30-5g-peacock-green-256-gb/p/itme3a94b78a025f
"MOTOROLA G04 (Satin Blue, 64 GB)","₹6,999","1,021 Ratings & 126 Reviews",4.2,/motorola-g04-satin-blue-64-gb/p/itmf126d16fff1b9
"POCO C65 (Pastel Green, 128 GB)","₹7,499","8,598 Ratings & 665 Reviews",4.2,/poco-c65-pastel-green-128-gb/p/itm534cf85baf789
"Xiaomi 14 (Jade Green, 512 GB)","₹69,999",No Rating found,no stars found,/xiaomi-14-jade-green-512-gb/p/itm617acb7cd715d
"Xiaomi 14 (Black, 512 GB)","₹69,999",No Rating found,no stars found,/xiaomi-14-black-512-gb/p/itm9199c6406170d
"POCO M6 5G (Orion Blue, 256 GB)","₹11,999","2,304 Ratings & 179 Reviews",4.2,/poco-m6-5g-orion-blue-256-gb/p/itme5e4ce0f49daf
"POCO M6 Pro 5G (Forest Green, 256 GB)","₹12,999","9,368 Ratings & 828 Reviews",4.2,/poco-m6-pro-5g-forest-green-256-gb/p/itm5600e7d7f5ddc
"POCO M4 Pro (Yellow, 128 GB)","₹9,999","27,956 Ratings & 2,153 Reviews",4.2,/poco-m4-pro-yellow-128-gb/p/itm2c781ce3142ae
"MOTOROLA G04 (Concord Black, 64 GB)","₹6,999","1,021 Ratings & 126 Reviews",4.2,/motorola-g04-concord-black-64-gb/p/itm1466484dd2cea
"Xiaomi 14 (White, 512 GB)","₹69,999",No Rating found,no stars found,/xiaomi-14-white-512-gb/p/itma16b2232a226f
"Nothing Phone (2a) 5G (Black, 256 GB)","₹27,999",No Rating found,no stars found,/nothing-phone-2a-5g-black-256-gb/p/itm85c6bca5edadc
"Infinix Note 30 5G (Sunset Gold, 256 GB)","₹14,999","86,659 Ratings & 9,456 Reviews",4.2,/infinix-note-30-5g-sunset-gold-256-gb/p/itm12c179f0a6281
"Infinix Note 30 5G (Magic Black, 256 GB)","₹14,999","86,659 Ratings & 9,456 Reviews",4.2,/infinix-note-30-5g-magic-black-256-gb/p/itm12c179f0a6281
"Google Pixel 7a (Coral, 128 GB)","₹37,999","16,367 Ratings & 1,810 Reviews",4.1,/google-pixel-7a-coral-128-gb/p/itmb4d7b100b1a4d
"Infinix Note 30 5G (Interstellar Blue, 256 GB)","₹14,999","86,659 Ratings & 9,456 Reviews",4.2,/infinix-note-30-5g-interstellar-blue-256-gb/p/itm12c179f0a6281
"MOTOROLA G04 (Satin Blue, 128 GB)","₹7,999",654 Ratings & 107 Reviews,4.1,/motorola-g04-satin-blue-128-gb/p/itm723b134b6121c
"SAMSUNG Galaxy M14 5G (Smoky Teal, 128 GB)","₹12,382","17,345 Ratings & 1,200 Reviews",4.2,/samsung-galaxy-m14-5g-smoky-teal-128-gb/p/itmb2e6db6c62f07
"OnePlus Nord CE 3 Lite 5G (Chromatic Gray, 256 GB)","₹19,644","61,284 Ratings & 4,309 Reviews",4.4,/oneplus-nord-ce-3-lite-5g-chromatic-gray-256-gb/p/itm2cd5a4e659035
"vivo T2 5G (Nitro Blaze, 128 GB)","₹17,999","17,233 Ratings & 1,224 Reviews",4.3,/vivo-t2-5g-nitro-blaze-128-gb/p/itma79eb573156a4
"POCO M6 5G (Galactic Black, 256 GB)","₹11,999","2,304 Ratings & 179 Reviews",4.2,/poco-m6-5g-galactic-black-256-gb/p/itm1bc7cb01620e6
"vivo T2 5G (Velocity Wave, 128 GB)","₹15,999","1,00,911 Ratings & 6,676 Reviews",4.4,/vivo-t2-5g-velocity-wave-128-gb/p/itma79eb573156a4
"POCO M6 5G (Galactic Black, 128 GB)","₹9,499","10,989 Ratings & 777 Reviews",4.3,/poco-m6-5g-galactic-black-128-gb/p/itmd464653b7b5c9
"vivo T2 5G (Nitro Blaze, 128 GB)","₹15,999","1,00,911 Ratings & 6,676 Reviews",4.4,/vivo-t2-5g-nitro-blaze-128-gb/p/itma79eb573156a4
